EPGChannelID,ChannelName,GuideChannelNum,StreamURL,NumCaptionTracks,Error
70,CNN,9001,http://pluto.mdu1.tv/CNN/index.m3u8,1,
37320,MDU1 Local Info,9000,http://pluto.mdu1.tv/myvod/Info-channel.mp4/index.m3u8,0,
17669,"Newsy (WPCT-DT2) Panama City, FL",47,https://local.pfla.mdu1.net/Newsy/index.m3u8,1,
13271,"Beach TV (WPCT) Panama City, FL",46,https://local.pfla.mdu1.net/BeachTV/index.m3u8,0,
37106,"GetTV (WPCT5) Panama City, FL",50,https://local.pfla.mdu1.net/GetTV/index.m3u8,1,
2338,"CBS (WTVY) Dothan, AL",4,https://local.pfla.mdu1.net/WTVY-DT/index.m3u8,1,
37091,"Defy (WPCT4) Panama City, FL",49,https://local.pfla.mdu1.net/Defy/index.m3u8,1,
37090,"TrueReal (WPCT3) Panama City, FL",48,https://local.pfla.mdu1.net/TruReal/index.m3u8,1,
36747,"Huntsville ETV (WHIQ5) Huntsville, AL",29,https://local.clift.mdu1.net/ETV/index.m3u8,1,
36716,"Shop LC (WLMT5) Memphis, TN",35,https://local.memphis.mdu1.net/WLMT.7/index.m3u8,-1, http error 404 not found
36715,"GetTV (WLMT4) Memphis, TN",33,https://local.memphis.mdu1.net/WLMT.6/index.m3u8,-1, http error 404 not found
36713,"Quest (WATN-TV6) Memphis, TN",29,https://local.memphis.mdu1.net/Quest/index.m3u8,1,
36712,"True Crime Network (WATN-TV5) Memphis, TN",28,https://local.memphis.mdu1.net/Crime/index.m3u8,1,
36639,"Newsy (WTXL-TV6) Tallahassee, FL",26,https://local.tal.mdu1.net/WTXL.8/index.m3u8,1,
36603,"PBS Kids (WKNO3) Memphis, TN",12,https://local.memphis.mdu1.net/PBS_KIDS/index.m3u8,0,
36602,"Action News 5 Plus (WMC-TV5) Memphis, TN",9,https://local.memphis.mdu1.net/Action_News/index.m3u8,1,
36310,"TrueReal (W34EY-D5) Huntsville, AL",42,https://local.clift.mdu1.net/TrueReal/index.m3u8,1,
36309,"Buzzr TV (W34EY-D4) Huntsville, AL",41,https://local.clift.mdu1.net/BUZZR/index.m3u8,1,
36308,"GetTV (W34EY-D3) Huntsville, AL",40,https://local.clift.mdu1.net/GetTV/index.m3u8,1,
36306,"Newsy (W34EY-D) Huntsville, AL",38,https://local.clift.mdu1.net/W34EY/index.m3u8,1,
36254,"MNT (WCTV6) Tallahassee, FL",5,https://local.tal.mdu1.net/WCTV.6/index.m3u8,1,
36198,"THIS (WAAY-TV6) Huntsville, AL",35,https://local.clift.mdu1.net/WAAY-DT6/index.m3u8,1,
36090,"Twist (WATN-TV4) Memphis, TN",27,https://local.memphis.mdu1.net/Twist/index.m3u8,1,
36089,"Cozi TV (WATN-TV3) Memphis, TN",26,https://local.memphis.mdu1.net/COZI-TV/index.m3u8,1,
36088,"Laff (WATN-TV2) Memphis, TN",25,https://local.memphis.mdu1.net/Laff/index.m3u8,1,
35282,"DABL (WJHG-TV5) Panama City, FL",20,https://local.pfla.mdu1.net/Dabl/index.m3u8,1,
35220,"True Crime Network (WCTV5) Tallahassee, FL",10,https://local.tal.mdu1.net/WCTV.5/index.m3u8,1,
34932,"ION Mystery (WZDX4) Huntsville, AL",56,https://local.clift.mdu1.net/ESCAPE/index.m3u8,1,
34928,"QVC (WAAY-TV4) Huntsville, AL",34,https://local.clift.mdu1.net/QVC/index.m3u8,1,
34791,"ION (WCTV4) Tallahassee, FL",9,https://local.tal.mdu1.net/WCTV.4/index.m3u8,0,
34367,"Grit TV (WMC-TV4) Memphis, TN",8,https://local.memphis.mdu1.net/Grit/index.m3u8,1,
34062,"Court TV (WPGX4) Panama City, FL",31,https://local.pfla.mdu1.net/WPGX-CT/index.m3u8,1,
33964,ACC Network,1631,https://str2atl270.mdu1.tv/ACC-1631/index.m3u8,3,
33866,"Start TV (WLMT3) Memphis, TN",32,https://local.memphis.mdu1.net/WLMT.5/index.m3u8,-1, http error 404 not found
33771,"Court TV (WTXL-TV5) Tallahassee, FL",31,https://local.tal.mdu1.net/WTXL.7/index.m3u8,1,
33770,"Circle (WCTV3) Tallahassee, FL",8,https://local.tal.mdu1.net/WCTV.3/index.m3u8,1,
31870,True Crime Network,1201,https://str2atl270.mdu1.tv/WXIA-WX-12/index.m3u8,1,
31857,"CW (WHNT-TV2) Huntsville, AL",15,https://local.clift.mdu1.net/CW/index.m3u8,-1, http error 404 not found
31714,"CTN LifeStyle (WVUP-CD2) Tallahassee, FL",46,https://local.tal.mdu1.net/WVUP.4/index.m3u8,1,
31682,"PBS Kids (WFSU-TV4) Tallahassee, FL",14,https://local.tal.mdu1.net/WFSU.6/index.m3u8,-1, http error 404 not found
31681,"PBS Kids (WFSG4) Panama City, FL",59,https://local.pfla.mdu1.net/WFSG-D4/index.m3u8,1,
30949,"Alabama Public TV - Kids (WHIQ2) Huntsville, AL",26,https://local.clift.mdu1.net/PBSKIDS/index.m3u8,1,
20322,NTV-3 NASA Media,952,https://str2atl270.mdu1.tv/NASA_MEDIA/index.m3u8,1,
18230,"DABL (WAAY-TV3) Huntsville, AL",33,https://local.clift.mdu1.net/WAAY-DB/index.m3u8,1,
17708,"ION (WJHG-TV4) Panama City, FL",10,https://local.pfla.mdu1.net/ion/index.m3u8,1,
17483,"Comet TV (WTLH3) Tallahassee, FL",50,https://local.tal.mdu1.net/WTLH.5/index.m3u8,1,
17446,"Grit TV (WTXL-TV3) Tallahassee, FL",29,https://local.tal.mdu1.net/WTXL.5/index.m3u8,1,
17445,"ION Mystery (WTXL-TV4) Tallahassee, FL",30,https://local.tal.mdu1.net/WTXL.6/index.m3u8,1,
17202,MC - Singers and Standards,1946,https://str2atl270.mdu1.tv/MC_SNG_1946/index.m3u8,0,
15710,"ION Mystery (WHBQ-TV3) Memphis, TN",15,https://local.memphis.mdu1.net/Court_TV_Mystery/index.m3u8,1,
15026,Catholic TV,1551,https://str2atl270.mdu1.tv/CATHOLIC-1551/index.m3u8,3,
15022,MC - Pop Country,1930,https://str2atl270.mdu1.tv/MC_PCNT_1930/index.m3u8,0,
15021,MC - Teen Beats,1922,https://str2atl270.mdu1.tv/MC_TEEN_1922/index.m3u8,0,
15020,MC - Y2K,1925,https://str2atl270.mdu1.tv/MC_Y2K_1925/index.m3u8,0,
15019,MC - Love Songs,1919,https://str2atl270.mdu1.tv/MC_LOVE_1919/index.m3u8,0,
14982,"MeTV (WLMT2) Memphis, TN",31,https://local.memphis.mdu1.net/WLMT.4/index.m3u8,-1, http error 404 not found
14981,"Antenna (WREG-TV3) Memphis, TN",1,https://local.memphis.mdu1.net/Antenna_TV/index.m3u8,-1, http error 404 not found
14980,"News Channel 3 Anytime (WREG-Tv2) Memphis, TN",2,https://local.memphis.mdu1.net/NewsChannel_3/index.m3u8,-1, http error 404 not found
14979,"Circle (WMC-TV3) Memphis, TN",7,https://local.memphis.mdu1.net/Circle/index.m3u8,1,
14978,"Bounce (WMC-TV2) Memphis, TN",6,https://local.memphis.mdu1.net/Bounce/index.m3u8,1,
14779,New England Sports Network Plus,1629,https://str2atl270.mdu1.tv/NESN_PLUS-1629/index.m3u8,3,
14716,"Create (WFSU-TV3) Tallahassee, FL",13,https://local.tal.mdu1.net/WFSU.5/index.m3u8,0,
14683,QVC,1009,https://str2atl270.mdu1.tv/QVC-1009/index.m3u8,3,
14664,"CW+ (WTLH2) Bainbridge, GA",47,https://local.tal.mdu1.net/WTLH.4/index.m3u8,1,
14601,MC - R&B Soul,1909,https://str2atl270.mdu1.tv/MC_RBSL_1909/index.m3u8,0,
14600,MC - R&B Classics,1908,https://str2atl270.mdu1.tv/MC_RBCL_1908/index.m3u8,0,
14599,MC - Throwback Jamz,1907,https://str2atl270.mdu1.tv/MC_TBUZ_1907/index.m3u8,0,
14598,MC - Hip-Hop Classics,1904,https://str2atl270.mdu1.tv/MC_Hip-Hop_1904/index.m3u8,0,
14597,MC - Rap,1905,https://str2atl270.mdu1.tv/MC_RAP_1905/index.m3u8,0,
14596,MC - Dance/EDM,1902,https://str2atl270.mdu1.tv/MC_Dance_1902/index.m3u8,0,
14595,MC - Romances,1939,https://str2atl270.mdu1.tv/MC_ROM_1939/index.m3u8,0,
14594,MC - Mexicana,1937,https://str2atl270.mdu1.tv/MC_MEX_1937/index.m3u8,0,
14593,MC - Tropicales,1938,https://str2atl270.mdu1.tv/MC_TROP_1938/index.m3u8,0,
14592,MC - Pop Latino,1935,https://str2atl270.mdu1.tv/MC_PLAT_1935/index.m3u8,0,
14591,MC - Music Urbana,1936,https://str2atl270.mdu1.tv/MC_URB_1936/index.m3u8,0,
14590,MC - Light Classical,1949,https://str2atl270.mdu1.tv/MC_LCL_1949/index.m3u8,0,
14589,MC - Classical Masterpieces,1948,https://str2atl270.mdu1.tv/MC_CLM_1948/index.m3u8,0,
14588,MC - Indie,1903,https://str2atl270.mdu1.tv/MC_Indies_1903/index.m3u8,0,
14587,MC - Easy Listening,1947,https://str2atl270.mdu1.tv/MC_EASY_1947/index.m3u8,0,
14585,MC - Blues,1945,https://str2atl270.mdu1.tv/MC_BLUE_1945/index.m3u8,0,
14584,MC - Jazz,1944,https://str2atl270.mdu1.tv/MC_JZZ_1944/index.m3u8,0,
14583,MC - Smooth Jazz,1943,https://str2atl270.mdu1.tv/MC_SMJZ_1943/index.m3u8,0,
14582,MC - Soundscapes,1942,https://str2atl270.mdu1.tv/MC_SOUN_1942/index.m3u8,0,
14581,MC - Sounds of The Seasons,1940,https://str2atl270.mdu1.tv/MC_SEAS_1940/index.m3u8,0,
14580,MC - Contemporary Christian,1934,https://str2atl270.mdu1.tv/MC_CHR_1934/index.m3u8,0,
14579,MC - Classic Country,1933,https://str2atl270.mdu1.tv/MC_CNTC_1933/index.m3u8,0,
14578,MC - Country Hits,1932,https://str2atl270.mdu1.tv/MC_CNTH_1932/index.m3u8,0,
14577,MC - Hip-Hop and R&B,1906,https://str2atl270.mdu1.tv/MC_HHL_1906/index.m3u8,0,
14576,MC - Today's Country,1931,https://str2atl270.mdu1.tv/MC_CNT_1931/index.m3u8,0,
14575,MC - Toddler Tunes,1924,https://str2atl270.mdu1.tv/MC_TOD_1924/index.m3u8,0,
14574,MC - Kidz Only!,1923,https://str2atl270.mdu1.tv/MC_KIDZ_1923/index.m3u8,0,
14573,MC - Stage & Screen,1941,https://str2atl270.mdu1.tv/MC_STGE_1941/index.m3u8,0,
14572,MC - Party Favorites,1921,https://str2atl270.mdu1.tv/MC_PTY_1921/index.m3u8,0,
14571,MC - Solid Gold Oldies,1929,https://str2atl270.mdu1.tv/MC_OLD_1929/index.m3u8,0,
14570,MC - 70's,1928,https://str2atl270.mdu1.tv/MC_70S_1928/index.m3u8,0,
14569,MC - 80's,1927,https://str2atl270.mdu1.tv/MC_80S_1927/index.m3u8,0,
14568,MC - 90's,1926,https://str2atl270.mdu1.tv/MC_90S_1926/index.m3u8,0,
14567,MC - Pop Hits,1920,https://str2atl270.mdu1.tv/MC_PMPH_1920/index.m3u8,0,
14566,MC - Hit List,1900,https://str2atl270.mdu1.tv/MC_HITS_1900/index.m3u8,0,
14565,MC - Soft Rock,1918,https://str2atl270.mdu1.tv/MC_SFRK_1918/index.m3u8,0,
14564,MC - Adult Alternative,1915,https://str2atl270.mdu1.tv/MC_AATL_1915/index.m3u8,0,
14563,MC - Alternative,1914,https://str2atl270.mdu1.tv/MC_ALT_1914/index.m3u8,0,
14562,MC - Metal,1913,https://str2atl270.mdu1.tv/MC_MTL_1913/index.m3u8,0,
14561,MC - Rock,1912,https://str2atl270.mdu1.tv/MC_ROCK_1912/index.m3u8,0,
14560,MC - Rock Hits,1916,https://str2atl270.mdu1.tv/MC_RKHT_1916/index.m3u8,0,
14559,MC - Classic Rock,1917,https://str2atl270.mdu1.tv/MC_CLRK_1917/index.m3u8,0,
14558,MC - Reggae,1911,https://str2atl270.mdu1.tv/MC_RGG_1911/index.m3u8,0,
14557,MC - Gospel,1910,https://str2atl270.mdu1.tv/MC_GOSPEL_1910/index.m3u8,0,
14464,GAME+,1608,https://str2atl270.mdu1.tv/FNTSY-1608/index.m3u8,3,
14156,NHL Network USA,1699,https://str2atl270.mdu1.tv/NHL-1699/index.m3u8,3,
13711,SEC Network,1606,https://str2atl270.mdu1.tv/SEC-1606/index.m3u8,3,
13456,"CTN (WVUP) Tallahassee, FL",45,https://local.tal.mdu1.net/WVUP.3/index.m3u8,1,
12614,One America News Network,1010,https://str2atl270.mdu1.tv/OAN-1010/index.m3u8,3,
12297,"TrueReal (WPXX-TV5) Memphis, TN",54,https://local.memphis.mdu1.net/WPXX.7/index.m3u8,1,
12230,"Defy (WPXX-TV4) Memphis, TN",53,https://local.memphis.mdu1.net/WPXX.6/index.m3u8,1,
12049,"Court TV (WPXX-TV2) Memphis, TN",51,https://local.memphis.mdu1.net/WPXX.4/index.m3u8,-1, http error 404 not found
11852,"H&I (WHBQ-TV2) Memphis, TN",14,https://local.memphis.mdu1.net/Heroes-Icons/index.m3u8,1,
11814,"H&I (WTLH) Tallahassee, FL",48,https://local.tal.mdu1.net/WTLH.5/index.m3u8,1,
11735,"Newsy (WPXX-TV6) Memphis, TN",55,https://local.memphis.mdu1.net/WPXX.8/index.m3u8,1,
11311,"ION (WPXX) Memphis, TN",50,https://local.memphis.mdu1.net/WPXX.3/index.m3u8,0,
11105,"Bounce (WAFF2) Huntsville, AL",49,https://local.clift.mdu1.net/BOUNCE/index.m3u8,1,
11104,"FOX54.2 Huntsville, AL",55,https://local.clift.mdu1.net/METV/index.m3u8,1,
11025,"Bounce (WTXL-TV2) Tallahassee, FL",28,https://local.tal.mdu1.net/WTXL.4/index.m3u8,1,
10922,Pursuit Channel,1610,https://str2atl270.mdu1.tv/PURSUIT-1610/index.m3u8,3,
10855,beIN Sport en Espanol,1632,https://str2atl270.mdu1.tv/BEIN-ESP-1632/index.m3u8,3,
10853,beIN Sport USA,1630,https://str2atl270.mdu1.tv/BEIN-1630/index.m3u8,3,
10760,ASPiRE TV,219,https://str2atl270.mdu1.tv/ASPIRE-219/index.m3u8,3,
10320,MLB Network Strike Zone,1698,https://str2atl270.mdu1.tv/STRIKEZONE-1698/index.m3u8,3,
10106,"CHARGE! (WTWC-TV3) Tallahassee, FL",42,https://local.tal.mdu1.net/WTWC.5/index.m3u8,1,
7615,"Create (WFSG3) Panama City, FL",58,https://local.pfla.mdu1.net/WFSG-D3/index.m3u8,1,
7614,"Florida (WFSG2) Panama City, FL",57,https://local.pfla.mdu1.net/WFSG-D2/index.m3u8,1,
7611,"PBS (WFSG) Panama City, FL",56,https://local.pfla.mdu1.net/WFSG-HD/index.m3u8,1,
7537,National Geographic Wild,1224,https://str2atl270.mdu1.tv/NAT_GEO_WILD-1224/index.m3u8,3,
6867,Disney Junior USA - East,1304,https://str2atl270.mdu1.tv/DISNEY_JR-1304/index.m3u8,3,
6710,"CW (WJHG-DT2) Panama City Beach, FL",8,https://local.pfla.mdu1.net/WJHG-CW/index.m3u8,1,
6610,MavTV USA,1618,https://str2atl270.mdu1.tv/MAVTV-1618/index.m3u8,3,
6450,"Antenna (WHNT-TV3) Huntsville, AL",16,https://local.clift.mdu1.net/AntennaTV/index.m3u8,1,
6306,AWE TV Network HD,1401,https://str2atl270.mdu1.tv/AWE-1401/index.m3u8,3,
6178,MLB Network,1600,https://str2atl270.mdu1.tv/MLB-1600/index.m3u8,3,
5911,UP,1204,https://str2atl270.mdu1.tv/UPTV-1204/index.m3u8,3,
5275,Smile,555,https://str2atl270.mdu1.tv/SOAC-555/index.m3u8,2,
5272,Crime & Investigation Network USA,1216,https://str2atl270.mdu1.tv/CRIME_INVESTIGATION_NETWORK-1216/index.m3u8,3,
5193,"PBS (WKNO2) Memphis, TN",11,https://local.memphis.mdu1.net/World/index.m3u8,1,
5175,Alabama Public TV - World (WHIQ4) Huntsville,27,https://local.clift.mdu1.net/WORLD/index.m3u8,1,
5167,"Create (WHIQ3) Huntsville, AL",26,https://local.clift.mdu1.net/CREATE/index.m3u8,1,
5144,"Alabama Public TV - PBS (WHIQ) Huntsville, AL",25,https://local.clift.mdu1.net/WHIQ/index.m3u8,1,
5005,TLC USA - Eastern,1124,https://str2atl270.mdu1.tv/TLC-1124/index.m3u8,3,
4656,Fox Business,1579,https://str2atl270.mdu1.tv/FOX_BUISINESS-1579/index.m3u8,3,
4540,"Florida (WFSU-TV2) Tallahassee, FL",12,https://local.tal.mdu1.net/WFSU.4/index.m3u8,-1, http error 404 not found
4499,Big Ten Network,1616,https://str2atl270.mdu1.tv/BIGTEN-1616/index.m3u8,3,
4456,PosiTiV,554,https://str2atl270.mdu1.tv/JUICE-554/index.m3u8,2,
4453,Hallmark Movies & Mysteries - Eastern,1749,https://str2atl270.mdu1.tv/HALLMARK_MOVIES-1749/index.m3u8,3,
4350,TMC Xtra - Eastern,1839,https://str2atl270.mdu1.tv/TMC_EXTRA-1839/index.m3u8,3,
4349,Universal Kids,1517,https://str2atl270.mdu1.tv/UNIV-KIDS-1517/index.m3u8,3,
4267,HDNet Movies,1753,https://str2atl270.mdu1.tv/HD_NET-1753/index.m3u8,3,
4226,The Cooking Channel,1406,https://str2atl270.mdu1.tv/COOKING-1406/index.m3u8,3,
4225,Discovery Family Channel,1208,https://str2atl270.mdu1.tv/DISCOVERY_FAM-1208/index.m3u8,3,
4223,Starz Comedy - Eastern,1823,https://str2atl270.mdu1.tv/STARZ_COMEDY-1823/index.m3u8,3,
4220,"MeTV (WCTV2) Tallahassee, FL",7,https://local.tal.mdu1.net/WCTV.2/index.m3u8,1,
4206,Starz Encore Black - Eastern,1817,https://str2atl270.mdu1.tv/ENCORE_BLACK-1817/index.m3u8,3,
4175,ReelzChannel,1754,https://str2atl270.mdu1.tv/REELZ-1754/index.m3u8,3,
3972,AXS TV North America,1500,https://str2atl270.mdu1.tv/AXS-1500/index.m3u8,3,
3423,C-SPAN 3,1133,https://str2atl270.mdu1.tv/CSPAN3-1133/index.m3u8,3,
3331,ESPN U,1604,https://str2atl270.mdu1.tv/ESPN-U-1604/index.m3u8,3,
3256,Enlace,556,https://str2atl270.mdu1.tv/ENLACE-556/index.m3u8,2,
3223,"FOX54.2 Huntsville, AL",8,https://local.clift.mdu1.net/WAMY/index.m3u8,1,
3218,"FOX54.1 Huntsville, AL",54,https://local.clift.mdu1.net/WZDX/index.m3u8,-1, http error 404 not found
3217,"CBS (WHNT) Huntsville, AL",19,https://local.clift.mdu1.net/WHNT/index.m3u8,1,
3216,"NBC (WAFF) Hunstville, AL",48,https://local.clift.mdu1.net/WAFF/index.m3u8,-1, http error 404 not found
3215,"ABC (WAAY) Huntsville, AL",31,https://local.clift.mdu1.net/WAAY/index.m3u8,1,
3115,CBS Sports Network USA,1607,https://str2atl270.mdu1.tv/CBS_SPORTS-1607/index.m3u8,3,
3008,CNN International North America,581,https://str2atl270.mdu1.tv/CNNI-581/index.m3u8,2,
2680,Starz Cinema - Eastern,1822,https://str2atl270.mdu1.tv/STARZ_CINEMA-1822/index.m3u8,3,
2673,RFD-TV,1203,https://str2atl270.mdu1.tv/RFDTV-1203/index.m3u8,3,
2664,CNBC World,509,https://str2atl270.mdu1.tv/CNBC-WORLD-509/index.m3u8,-1, http error 404 not found
2524,"ABC (WMBB) Panama City, FL",13,https://local.pfla.mdu1.net/WMBB-DT/index.m3u8,1,
2523,"FOX (WPGX) Panama City, FL",28,https://local.pfla.mdu1.net/FOX-28/index.m3u8,1,
2434,"NBC (WJHG) Panama City Beach, FL",7,https://local.pfla.mdu1.net/WJHG-HD/index.m3u8,1,
2273,Showtime Women - Eastern,1843,https://str2atl270.mdu1.tv/SHOWTIME_WOMEN-1843/index.m3u8,3,
2272,Showtime Next - Eastern,1842,https://str2atl270.mdu1.tv/SHOWTIME_NEXT-1842/index.m3u8,3,
2271,Showtime Showcase - Eastern,1838,https://str2atl270.mdu1.tv/SHOWCASE-1838/index.m3u8,3,
2269,The Tennis Channel,1617,https://str2atl270.mdu1.tv/TENNIS-1617/index.m3u8,3,
2268,Boomerang,306,https://str2atl270.mdu1.tv/BOOMERANG-306/index.m3u8,2,
2143,Motor Trend,1129,https://str2atl270.mdu1.tv/MOTOR_TREND-1129/index.m3u8,3,
2120,Starz Edge - Eastern,1824,https://str2atl270.mdu1.tv/STARZ_EDGE-1824/index.m3u8,3,
2114,Fox Sports 2,1614,https://str2atl270.mdu1.tv/FOX_SPORTS_2-1614/index.m3u8,3,
2108,ESPN Deportes,1615,https://str2atl270.mdu1.tv/DEPORTES-1615/index.m3u8,3,
2090,Investigation Discovery USA - Eastern,1126,https://str2atl270.mdu1.tv/INVESTIGATION_DISCOVERY-1126/index.m3u8,3,
2080,Starz Encore Classic - Eastern,1818,https://str2atl270.mdu1.tv/ENCORE_CLASSIC-1818/index.m3u8,3,
2078,Starz Encore Action - Eastern,1816,https://str2atl270.mdu1.tv/ENCORE_ACTION-1816/index.m3u8,3,
2077,SHOXBET - Eastern,1841,https://str2atl270.mdu1.tv/SHOWTIME_BEYOND-1841/index.m3u8,3,
2074,Destination America,1210,https://str2atl270.mdu1.tv/DESTINATION_AMERICA-1210/index.m3u8,3,
2035,American Heroes Channel,1212,https://str2atl270.mdu1.tv/AMERICAN_HERO-1212/index.m3u8,3,
1971,FYI USA - Eastern,1215,https://str2atl270.mdu1.tv/FYI-1215/index.m3u8,3,
1966,Independent Film Channel US,1756,https://str2atl270.mdu1.tv/IFC-1756/index.m3u8,3,
1963,NASA Public Educational Channel,951,https://str2atl270.mdu1.tv/NASA_Public/index.m3u8,1,
1960,Science,1127,https://str2atl270.mdu1.tv/SCIENCE-1127/index.m3u8,3,
1959,Starz Encore Westerns - Eastern,1819,https://str2atl270.mdu1.tv/ENCRWESTRN-1819/index.m3u8,3,
1958,Starz Encore Suspense - Eastern,1820,https://str2atl270.mdu1.tv/ENCORE_SUSPENCE-1820/index.m3u8,3,
1957,Starz In Black - Eastern,1825,https://str2atl270.mdu1.tv/STARZ_BLACK-1825/index.m3u8,3,
1952,FXX USA - Eastern,1503,https://str2atl270.mdu1.tv/FXX-1503/index.m3u8,3,
1856,Bloomberg TV USA,1577,https://str2atl270.mdu1.tv/BLOOMBERG-1577/index.m3u8,3,
1848,SundanceTV USA - East,1755,https://str2atl270.mdu1.tv/SUNDANCE-1755/index.m3u8,3,
1763,"PBS (WPBA) Atlanta, GA",30,https://str2atl270.mdu1.tv/WPBA-30/index.m3u8,3,
1737,"CBS (WGCL) Atlanta, GA",46,https://str2atl270.mdu1.tv/WGCL-46/index.m3u8,3,
1715,"CW (WUPA) Atlanta, GA",69,https://str2atl270.mdu1.tv/WUPA-69/index.m3u8,3,
1709,"NBC (WXIA) Atlanta, GA",11,https://str2atl270.mdu1.tv/WXIA-11/index.m3u8,3,
1615,Showtime Extreme - Eastern,1840,https://str2atl270.mdu1.tv/SHOW-EXTREME-1840/index.m3u8,3,
1527,ESPN News,1603,https://str2atl270.mdu1.tv/ESPN-NEWS-1603/index.m3u8,3,
1526,The Weather Channel,1142,https://str2atl270.mdu1.tv/TWC-1142/index.m3u8,3,
1521,Telemundo  - Eastern Feed,519,https://str2atl270.mdu1.tv/TELEMUNDO-519/index.m3u8,2,
1486,FUSE TV - Eastern feed,1501,https://str2atl270.mdu1.tv/FUSE-1501/index.m3u8,3,
1461,"PBS (WFSU) Tallahassee, FL",11,https://local.tal.mdu1.net/WFSU.3/index.m3u8,1,
1460,"FOX (WAGA) Atlanta, GA",5,https://str2atl270.mdu1.tv/WAGA-5/index.m3u8,-1, http error 404 not found
1429,"FOX (WHBQ) Memphis, TN",13,https://local.memphis.mdu1.net/WHBQ-FOX/index.m3u8,0,
1428,"CBS (WREG) Memphis, TN",3,https://local.memphis.mdu1.net/WREG-CBS/index.m3u8,-1, http error 404 not found
1427,"CW (WLMT) Memphis, TN",30,https://local.memphis.mdu1.net/WLMT-CW/index.m3u8,-1, http error 404 not found
1426,"PBS (WKNO) Memphis, TN",10,https://local.memphis.mdu1.net/WKNO-PBS/index.m3u8,-1, http error 404 not found
1423,"ABC (WATN) Memphis, TN",24,https://local.memphis.mdu1.net/WATN/index.m3u8,1,
1387,Showtime 2 - Eastern,1837,https://str2atl270.mdu1.tv/SHOWTIME_2-1837/index.m3u8,3,
1353,"NBC (WMC) Memphis, TN",5,https://local.memphis.mdu1.net/WMC-NBC/index.m3u8,0,
1352,Bally Sports Southeast,1612,https://str2atl270.mdu1.tv/FOX_SPORTS_SOUTH_EAST-1612/index.m3u8,3,
1349,"FOX (WTWC-TV2) Tallahassee, FL",49,https://local.tal.mdu1.net/WTWC.4/index.m3u8,0,
1347,"NBC (WTWC) Tallahassee, FL",40,https://local.tal.mdu1.net/WTWC.3/index.m3u8,-1, http error 404 not found
1346,"ABC (WTXL) Tallahassee, FL",27,https://local.tal.mdu1.net/WTXL.3/index.m3u8,0,
1343,"CBS (WCTV) Tallahassee, FL",6,https://local.tal.mdu1.net/WCTV.1/index.m3u8,-1, http error 404 not found
1342,"ABC (WSB) Atlanta, GA",2,https://str2atl270.mdu1.tv/WSBTV-2/index.m3u8,3,
1333,Lifetime Movies - East,1752,https://str2atl270.mdu1.tv/LTM-1752/index.m3u8,3,
1308,FX Movie Channel,1758,https://str2atl270.mdu1.tv/FXM-1758/index.m3u8,3,
1274,ION  - Eastern Feed,1202,https://str2atl270.mdu1.tv/ION-1202/index.m3u8,3,
1273,Discovery Life Channel,1209,https://str2atl270.mdu1.tv/DISCOVERY_LIFE-1209/index.m3u8,3,
1194,Starz Kids & Family - Eastern,1826,https://str2atl270.mdu1.tv/STARZ_KIDS-1826/index.m3u8,3,
1159,Oprah Winfrey Network USA Eastern,1211,https://str2atl270.mdu1.tv/OWN-1211/index.m3u8,3,
1119,TBN  - Trinity Broadcasting Network - East,1552,https://str2atl270.mdu1.tv/TBN-1552/index.m3u8,3,
1107,Bally Sports South,1611,https://str2atl270.mdu1.tv/FOX_SPORTS_SOUTH-1611/index.m3u8,3,
1083,Fox News,1578,https://str2atl270.mdu1.tv/FOX_NEWS-1578/index.m3u8,3,
1082,INSP,561,https://str2atl270.mdu1.tv/INSPIRATION-561/index.m3u8,2,
1054,Food Network USA - Eastern Feed,1404,https://str2atl270.mdu1.tv/FOOD_NETWORK-1404/index.m3u8,3,
1053,Disney XD USA - Eastern Feed,1303,https://str2atl270.mdu1.tv/DISNEY_XD-1303/index.m3u8,3,
1052,Hallmark - Eastern Feed,1748,https://str2atl270.mdu1.tv/HALLMARK-1748/index.m3u8,3,
1051,GAC Family - East,1407,https://str2atl270.mdu1.tv/GAC-1407/index.m3u8,3,
1050,C-SPAN 2,1132,https://str2atl270.mdu1.tv/CSPAN2-1132/index.m3u8,3,
1015,New England Sports Network,1628,https://str2atl270.mdu1.tv/NESN-1628/index.m3u8,3,
1011,Freeform - East Feed,1207,https://str2atl270.mdu1.tv/FREEFORM-1207/index.m3u8,3,
668,Fox Sports 1,1613,https://str2atl270.mdu1.tv/FOX_SPORTS_1-1613/index.m3u8,3,
667,Starz Encore - Eastern,1815,https://str2atl270.mdu1.tv/ENCORE-1815/index.m3u8,3,
666,TMC (US) - Eastern Feed,1836,https://str2atl270.mdu1.tv/TMC-1836/index.m3u8,3,
665,Showtime - Eastern Feed,1835,https://str2atl270.mdu1.tv/SHOWTIME-1835/index.m3u8,3,
664,WE (Women's Entertainment) - Eastern,1218,https://str2atl270.mdu1.tv/WETV-1218/index.m3u8,3,
662,Travel US - East,1410,https://str2atl270.mdu1.tv/TRAVEL-1410/index.m3u8,3,
661,Cartoon Network USA - Eastern Feed,1301,https://str2atl270.mdu1.tv/CARTOON_NETWORK-1301/index.m3u8,3,
659,Oxygen - Eastern Feed,1516,https://str2atl270.mdu1.tv/OXYGEN-1516/index.m3u8,3,
657,National Geographic US - Eastern,1225,https://str2atl270.mdu1.tv/NAT_GEO-1225/index.m3u8,3,
655,MSNBC USA,1513,https://str2atl270.mdu1.tv/MSNBC-1513/index.m3u8,3,
654,Lifetime Network US - Eastern Feed,1214,https://str2atl270.mdu1.tv/LIFETIME-1214/index.m3u8,3,
652,FX Networks East Coast,1502,https://str2atl270.mdu1.tv/FX-1502/index.m3u8,3,
650,ESPN2,1602,https://str2atl270.mdu1.tv/ESPN-2-1602/index.m3u8,3,
649,Discovery Channel (US) - Eastern Feed,1123,https://str2atl270.mdu1.tv/DISCOVERY-1123/index.m3u8,3,
648,C-SPAN,1131,https://str2atl270.mdu1.tv/CSPAN-1131/index.m3u8,3,
646,Bravo USA - Eastern Feed,1505,https://str2atl270.mdu1.tv/BRAVO-1505/index.m3u8,3,
645,Animal Planet US - East,1125,https://str2atl270.mdu1.tv/ANIMAL_PLANET-1125/index.m3u8,3,
640,USA Network - East Feed,1521,https://str2atl270.mdu1.tv/USA-1521/index.m3u8,3,
624,VICE,1135,https://str2atl270.mdu1.tv/VICE-1135/index.m3u8,3,
623,HGTV USA - Eastern Feed,1402,https://str2atl270.mdu1.tv/HGTV-1402/index.m3u8,3,
622,Magnolia - East,1403,https://str2atl270.mdu1.tv/DIY-1403/index.m3u8,3,
621,History Channel US - Eastern Feed,1118,https://str2atl270.mdu1.tv/HISTORY-1118/index.m3u8,3,
620,EWTN USA,1550,https://str2atl270.mdu1.tv/EWTN-1550/index.m3u8,1,
617,E! Entertainment USA - Eastern Feed,1510,https://str2atl270.mdu1.tv/E-1510/index.m3u8,3,
615,BBC America - East,1576,https://str2atl270.mdu1.tv/BBC_AMERICA-1576/index.m3u8,3,
596,Syfy - Eastern Feed,1518,https://str2atl270.mdu1.tv/SYFY-1518/index.m3u8,3,
595,Disney - Eastern Feed,1206,https://str2atl270.mdu1.tv/DISNEY-1206/index.m3u8,3,
594,ESPN,1601,https://str2atl270.mdu1.tv/ESPN-1601/index.m3u8,3,
583,Starz - Eastern,1821,https://str2atl270.mdu1.tv/STARZ-1821/index.m3u8,3,
527,BBC World - North America,1580,https://str2atl270.mdu1.tv/BBC_WN-1580/index.m3u8,3,
425,HLN,1007,https://str2atl270.mdu1.tv/HLN-1007/index.m3u8,3,
347,TNT - Eastern Feed,1011,https://str2atl270.mdu1.tv/TNT-1011/index.m3u8,3,
333,truTV USA - Eastern,1012,https://str2atl270.mdu1.tv/TRU-1012/index.m3u8,3,
329,Game Show Network - East,1400,https://str2atl270.mdu1.tv/GSN-1400/index.m3u8,3,
201,CNBC USA,1508,https://str2atl270.mdu1.tv/CNBC-1508/index.m3u8,3,
193,Golf Channel USA,1512,https://str2atl270.mdu1.tv/GOLF-1512/index.m3u8,3,
177,AMC - Eastern Feed,1757,https://str2atl270.mdu1.tv/AMC-1757/index.m3u8,3,
176,Turner Classic Movies USA,1751,https://str2atl270.mdu1.tv/TCM-1751/index.m3u8,3,
70,CNN,1006,https://str2atl270.mdu1.tv/CNN-1006/index.m3u8,3,
61,TBS - East,1008,https://str2atl270.mdu1.tv/TBS-1008/index.m3u8,3,
2,A&E US - Eastern Feed,1213,https://str2atl270.mdu1.tv/A-E-1213/index.m3u8,3,
